class,feature,class_mean_standardized,rest_mean_standardized,class_sd_standardized,rest_sd_standardized,cohens_d_class_vs_rest,abs_cohens_d,direction,centroid_distance_19D
prime,H_algebraic,-2.4102269755739876,0.20531479815410766,8.881840770857005e-16,0.7403890889724026,-3.6800465394976176,3.6800465394976176,lower_in_class,3.7244132989862337
prime,H_geometric,-1.9441417977158402,0.1656114070692174,0.0,0.8577799491622339,-2.5621669526702067,2.5621669526702067,lower_in_class,3.7244132989862337
prime,H_arithmetic,-1.466480436214468,0.12492190063826585,0.007098432645207113,0.9414778301177372,-1.760842461964193,1.760842461964193,lower_in_class,3.7244132989862337
prime,H_pos_base2,-0.07664166812016923,0.006528708200415462,1.1170425718474761,0.9891167631933957,-0.08319110896721839,0.08319110896721839,lower_in_class,3.7244132989862337
prime,H_pos_base3,-0.045433878964250184,0.0038702776889650244,1.0430879278237108,0.9961487884694751,-0.04930844278052341,0.04930844278052341,lower_in_class,3.7244132989862337
prime,H_pos_base4,-0.036553624694702316,0.003113814653995063,1.0320371027442983,0.997162542030499,-0.03966965736972854,0.03966965736972854,lower_in_class,3.7244132989862337
prime,H_pos_base5,-0.03389574257990088,0.002887403392544529,1.0164801392336444,0.998531493574079,-0.03678490931541018,0.03678490931541018,lower_in_class,3.7244132989862337
prime,H_pos_base6,-0.03591682507759405,0.0030595689807945883,1.0150615412335027,0.9986478835290141,-0.038978496814398855,0.038978496814398855,lower_in_class,3.7244132989862337
prime,H_pos_base7,-0.024059358226447464,0.0020494925698046934,1.013018305028399,0.9988575099462416,-0.026109468417425997,0.026109468417425997,lower_in_class,3.7244132989862337
prime,H_pos_base8,-0.041735888147063666,0.0035552649346061722,1.017625120410269,0.9984046950563652,-0.04529446836022553,0.04529446836022553,lower_in_class,3.7244132989862337
prime,H_pos_base9,-0.04477364366244953,0.003814035650726464,1.0198302506788053,0.998200843198078,-0.04859177986978412,0.04859177986978412,lower_in_class,3.7244132989862337
prime,H_pos_base10,-0.0278314312678951,0.002370816006549752,1.0158090635827262,0.998606991224721,-0.03020321354100146,0.03020321354100146,lower_in_class,3.7244132989862337
prime,H_pos_base11,-0.029803093109424545,0.002538771704135234,1.0098806121022357,0.9991138115231157,-0.03234305608518567,0.03234305608518567,lower_in_class,3.7244132989862337
prime,H_pos_base12,-0.030523837645538003,0.0026001682117899683,1.0181911805987902,0.9983930407668228,-0.03312528728858807,0.03312528728858807,lower_in_class,3.7244132989862337
prime,H_pos_base13,-0.035096650742915805,0.0029897025617076547,1.011520263220409,0.9989566143768004,-0.038088313546364966,0.038088313546364966,lower_in_class,3.7244132989862337
prime,H_pos_base14,-0.06932923362157971,0.005905799641050116,1.0122344821973723,0.9987295608960081,-0.07525036503121317,0.07525036503121317,lower_in_class,3.7244132989862337
prime,H_pos_base15,-0.04206624687439041,0.003583406489780038,1.0092697281193757,0.999125621263408,-0.04565304872500344,0.04565304872500344,lower_in_class,3.7244132989862337
prime,H_pos_base16,-0.019450027234574403,0.0016568474489034844,1.0140105936245025,0.9987810198588342,-0.021107193676673856,0.021107193676673856,lower_in_class,3.7244132989862337
prime,H_dynamical_collatz,0.11283198771775875,-0.009611574768008068,0.8588725513110023,1.010530676713298,0.12250988862638931,0.12250988862638931,higher_in_class,3.7244132989862337
prime_power,H_algebraic,-2.4102269755739876,0.20598481947107783,8.881840601278969e-16,0.7392993368522701,-3.686887299644721,3.686887299644721,lower_in_class,3.7216612726862697
prime_power,H_geometric,-1.938549474894002,0.16567392518154833,0.1238691930274435,0.8576347648512961,-2.553935768514872,2.553935768514872,lower_in_class,3.7216612726862697
prime_power,H_arithmetic,-1.4654310321134363,0.12523988390152163,0.03976994904596193,0.9413358492172023,-1.7603940820028054,1.7603940820028054,lower_in_class,3.7216612726862697
prime_power,H_pos_base2,-0.07839136529610362,0.006699547964676467,1.1257238499896682,0.9882267278930417,-0.08511318126099574,0.08511318126099574,lower_in_class,3.7216612726862697
prime_power,H_pos_base3,-0.047720479947597864,0.004078327288964416,1.0497688487723558,0.9955262728563374,-0.051803796703632644,0.051803796703632644,lower_in_class,3.7216612726862697
prime_power,H_pos_base4,-0.03840501383053748,0.003282201187208192,1.0357044448057684,0.9968217807763029,-0.041689800975183766,0.041689800975183766,lower_in_class,3.7216612726862697
prime_power,H_pos_base5,-0.03560822669670868,0.003043179842453934,1.0188284167943134,0.9983165972778382,-0.0386534622323066,0.0386534622323066,lower_in_class,3.7216612726862697
prime_power,H_pos_base6,-0.03724049115041785,0.003182677782786096,1.0166816798614762,0.9984980924580976,-0.04042552428820589,0.04042552428820589,lower_in_class,3.7216612726862697
prime_power,H_pos_base7,-0.02592891761102289,0.0022159586907437856,1.0156327180577787,0.9986225092711392,-0.028145656756766002,0.028145656756766002,lower_in_class,3.7216612726862697
prime_power,H_pos_base8,-0.04439683160027213,0.0037942788936279805,1.0215304641045955,0.9980479133733575,-0.04819512180331882,0.04819512180331882,lower_in_class,3.7216612726862697
prime_power,H_pos_base9,-0.04692989112751019,0.004010761330640865,1.0224228846797785,0.9979590618083402,-0.0509453963313435,0.0509453963313435,lower_in_class,3.7216612726862697
prime_power,H_pos_base10,-0.02904866970325898,0.002482581534992909,1.0174477761747782,0.9984566275984528,-0.031532356716331374,0.031532356716331374,lower_in_class,3.7216612726862697
prime_power,H_pos_base11,-0.03209877301319286,0.0027432519971660268,1.012888105467964,0.9988440881946536,-0.034843524275757466,0.034843524275757466,lower_in_class,3.7216612726862697
prime_power,H_pos_base12,-0.03280457039746649,0.002803571439383988,1.0207952298420064,0.9981537889915371,-0.035609743779638894,0.035609743779638894,lower_in_class,3.7216612726862697
prime_power,H_pos_base13,-0.03723069360475279,0.0031818404568039233,1.014205038851964,0.9987133534418104,-0.0404148875366738,0.0404148875366738,lower_in_class,3.7216612726862697
prime_power,H_pos_base14,-0.07121155959590884,0.00608594144712222,1.0144384790054757,0.998521931781535,-0.07731417913324938,0.07731417913324938,lower_in_class,3.7216612726862697
prime_power,H_pos_base15,-0.04458671583069129,0.0038105069374242064,1.0135233185586316,0.9987445460112042,-0.048401286186141215,0.048401286186141215,lower_in_class,3.7216612726862697
prime_power,H_pos_base16,-0.02215431420815182,0.0018933703999327652,1.0183245276912656,0.9983966381109551,-0.02404816493172106,0.02404816493172106,lower_in_class,3.7216612726862697
prime_power,H_dynamical_collatz,0.1078501971278048,-0.00921718311612599,0.9150200540791369,1.006395077754525,0.11712549341476876,0.11712549341476876,higher_in_class,3.7216612726862697
squarefree,H_algebraic,-0.14524196449293883,0.22520237521996953,1.11095026661934,0.7439278512994224,-0.37665515747950296,0.37665515747950296,lower_in_class,2.0770349453963837
squarefree,H_geometric,-0.595721050328665,0.9236848039815179,0.6717141180439661,0.6689414101365887,-2.265645042854418,2.265645042854418,lower_in_class,2.0770349453963837
squarefree,H_arithmetic,-0.5269821869449997,0.8171029675407484,0.7373325944683716,0.7805882005613897,-1.7812182090508597,1.7812182090508597,lower_in_class,2.0770349453963837
squarefree,H_pos_base2,-0.018279312924370576,0.028342667371166735,1.0266917725299871,0.9564549309933059,-0.04663401541853145,0.04663401541853145,lower_in_class,2.0770349453963837
squarefree,H_pos_base3,0.004788009337928793,-0.007423963723163751,0.9930173465149316,1.0106891314342412,0.01221217789812658,0.01221217789812658,higher_in_class,2.0770349453963837
squarefree,H_pos_base4,-0.026037957301627945,0.04037269704162009,1.016923982779775,0.9718011091062365,-0.0664455216314798,0.0664455216314798,lower_in_class,2.0770349453963837
squarefree,H_pos_base5,0.009893907549414412,-0.015340824451898855,0.9961204373938806,1.0057959174298197,0.02523662205531357,0.02523662205531357,higher_in_class,2.0770349453963837
squarefree,H_pos_base6,-0.004396645973790098,0.006817142137640836,1.0064946779070854,0.989809484943043,-0.01121394495421847,0.01121394495421847,lower_in_class,2.0770349453963837
squarefree,H_pos_base7,0.009355957389736875,-0.014506715287012176,0.9960713203006626,1.0058916944628706,0.023864268348504306,0.023864268348504306,higher_in_class,2.0770349453963837
squarefree,H_pos_base8,-0.02118674174662453,0.03285073002950448,1.006063120260795,0.9896316386333361,-0.054056232580117894,0.054056232580117894,lower_in_class,2.0770349453963837
squarefree,H_pos_base9,-0.009353038442187423,0.014502189364197076,1.0032822855427574,0.9947179766711808,-0.02385682197012822,0.02385682197012822,lower_in_class,2.0770349453963837
squarefree,H_pos_base10,-0.0017060879945664,0.00264534475316502,1.0011844474511689,0.9981574840974682,-0.004351438215743308,0.004351438215743308,lower_in_class,2.0770349453963837
squarefree,H_pos_base11,0.005903542141734071,-0.009153633505102964,0.9970141673881739,1.0045460260649122,0.015057567442048505,0.015057567442048505,higher_in_class,2.0770349453963837
squarefree,H_pos_base12,-0.01883496551337552,0.029204224726698383,1.0067989392196484,0.9886589428962463,-0.048052359872864076,0.048052359872864076,lower_in_class,2.0770349453963837
squarefree,H_pos_base13,0.004767036491677781,-0.007391444645034454,0.9971994725337526,1.0042846690490284,0.012158683187453834,0.012158683187453834,higher_in_class,2.0770349453963837
squarefree,H_pos_base14,-0.011877483851757974,0.018416423823452526,1.000519908806971,0.998916664546858,-0.0302971911780763,0.0302971911780763,lower_in_class,2.0770349453963837
squarefree,H_pos_base15,-0.003488645832946622,0.005409258478590795,0.9999083624023122,1.0001205583630683,-0.00889797937085149,0.00889797937085149,lower_in_class,2.0770349453963837
squarefree,H_pos_base16,-0.004123527670907267,0.0063936633535322165,1.0020628362049953,0.9967618897797736,-0.01051731914981265,0.01051731914981265,lower_in_class,2.0770349453963837
squarefree,H_dynamical_collatz,0.08438556880557985,-0.1308425605206465,0.8821066454248125,1.1471219081147763,0.21642603460901824,0.21642603460901824,higher_in_class,2.0770349453963837
semiprime,H_algebraic,-0.6228125691084196,0.1655927008825538,0.050571851211181816,1.0651977098801466,-0.8325016715784523,0.8325016715784523,lower_in_class,1.8396428719904199
semiprime,H_geometric,-0.8993280314275401,0.23911231900259294,0.005018491872245466,0.9968241156131762,-1.284949904634293,1.284949904634293,lower_in_class,1.8396428719904199
semiprime,H_arithmetic,-0.9466489768202535,0.2516939583987162,0.37486216717559123,0.962757916951322,-1.3730266480085396,1.3730266480085396,lower_in_class,1.8396428719904199
semiprime,H_pos_base2,-0.04081368078915198,0.01085149524922211,1.0580511325967241,0.983705679856307,-0.05167656914448857,0.05167656914448857,lower_in_class,1.8396428719904199
semiprime,H_pos_base3,-0.018041901427644905,0.0047969603290732256,1.01657789344013,0.9954920953571164,-0.0228398272903361,0.0228398272903361,lower_in_class,1.8396428719904199
semiprime,H_pos_base4,-0.030180703542163557,0.008024411294778058,1.0211414463107114,0.9941504073731289,-0.03820970377044581,0.03820970377044581,lower_in_class,1.8396428719904199
semiprime,H_pos_base5,-0.008743913428127506,0.0023248218046068884,1.0041991126553227,0.9988689643548802,-0.011068836668445948,0.011068836668445948,lower_in_class,1.8396428719904199
semiprime,H_pos_base6,-0.024940983810439004,0.0066312805435997145,1.0138864599855568,0.9961715163531303,-0.03157484398188359,0.03157484398188359,lower_in_class,1.8396428719904199
semiprime,H_pos_base7,-0.004688619270800769,0.0012466047844437915,1.002101295575401,0.9994381334687075,-0.005935235465338864,0.005935235465338864,lower_in_class,1.8396428719904199
semiprime,H_pos_base8,-0.030723707613649103,0.00816878460265206,1.0110249816744228,0.9968901196423209,-0.03889733476618664,0.03889733476618664,lower_in_class,1.8396428719904199
semiprime,H_pos_base9,-0.02819347872030426,0.007496050208578696,1.005234328827076,0.9984709966877107,-0.03569326514118021,0.03569326514118021,lower_in_class,1.8396428719904199
semiprime,H_pos_base10,-0.020890279194717823,0.005554283785563853,1.0083988439392795,0.9976826956277113,-0.026446070856141802,0.026446070856141802,lower_in_class,1.8396428719904199
semiprime,H_pos_base11,-0.010812189125745596,0.002874732605908368,1.0059211908051202,0.9984013399655559,-0.013687120758966494,0.013687120758966494,lower_in_class,1.8396428719904199
semiprime,H_pos_base12,-0.03157175750919472,0.008394263148930848,1.009340074227704,0.9973350551770223,-0.039971277669854206,0.039971277669854206,lower_in_class,1.8396428719904199
semiprime,H_pos_base13,-0.017865825958001114,0.004750145582513289,1.0045165154688689,0.9987432078370583,-0.02261690863997085,0.02261690863997085,lower_in_class,1.8396428719904199
semiprime,H_pos_base14,-0.04297957576454732,0.011427360953595285,1.0071597591309123,0.9977774951337754,-0.05442024801786069,0.05442024801786069,lower_in_class,1.8396428719904199
semiprime,H_pos_base15,-0.02456721578532024,0.006531903524167698,1.006067817036395,0.9982800250846101,-0.031101583756672223,0.031101583756672223,lower_in_class,1.8396428719904199
semiprime,H_pos_base16,-0.01448846269579647,0.0038521760613589814,1.0092431311876555,0.9974938975045354,-0.018341132252287,0.018341132252287,lower_in_class,1.8396428719904199
semiprime,H_dynamical_collatz,0.09603937298335798,-0.02553483977715461,0.8740649803515067,1.0293921075821255,0.1217234370400192,0.1217234370400192,higher_in_class,1.8396428719904199
highly_composite,H_algebraic,0.3471195572490949,-1.3191044435450834e-05,1.0741153089269446,0.999995866507107,0.3471331959003205,0.3471331959003205,higher_in_class,8.83915811811069
highly_composite,H_geometric,1.408877137658817,-5.353936572696885e-05,1.414098901377098,0.999944787127855,1.4089824091404348,1.4089824091404348,higher_in_class,8.83915811811069
highly_composite,H_arithmetic,2.572647196590259,-9.776430851421917e-05,1.328269942413267,0.9998610888283325,2.573065988369687,2.573065988369687,higher_in_class,8.83915811811069
highly_composite,H_pos_base2,-0.38784896651504386,1.4738820804952848e-05,2.9318886987870654,0.9998576006199915,-0.3878644260746987,0.3878644260746987,lower_in_class,8.83915811811069
highly_composite,H_pos_base3,-2.6586529286675016,0.00010103265053100919,3.190403152661344,0.9996968314093931,-2.659108459110097,2.659108459110097,lower_in_class,8.83915811811069
highly_composite,H_pos_base4,-0.717984971294499,2.7284465719893007e-05,2.4159230841928734,0.9999017177588619,-0.7180185707151912,0.7180185707151912,lower_in_class,8.83915811811069
highly_composite,H_pos_base5,-2.333434907461442,8.86738960910967e-05,2.5687643359955667,0.9997939401729514,-2.333762705304018,2.333762705304018,lower_in_class,8.83915811811069
highly_composite,H_pos_base6,-2.0614087143723494,7.833650793264983e-05,1.8505124089582494,0.9998753942680807,-2.0616514575214686,2.0616514575214686,lower_in_class,8.83915811811069
highly_composite,H_pos_base7,-1.4516388220900223,5.5164371486036305e-05,2.5058606264248264,0.9998632782068052,-1.451750663114834,1.451750663114834,lower_in_class,8.83915811811069
highly_composite,H_pos_base8,-1.811576706794203,6.884253087562771e-05,2.302888167781527,0.9998590168638424,-1.8117567164848414,1.8117567164848414,lower_in_class,8.83915811811069
highly_composite,H_pos_base9,-2.167047042012351,8.235091693208919e-05,2.23024168085597,0.9998382328596486,-2.167320622616301,2.167320622616301,lower_in_class,8.83915811811069
highly_composite,H_pos_base10,-1.913460835068152,7.271427487540474e-05,2.0524331563380156,0.9998719879413109,-1.9136647701910596,1.9136647701910596,lower_in_class,8.83915811811069
highly_composite,H_pos_base11,-2.2926769633656874,8.712503535965428e-05,2.9138895626989396,0.9997625088380714,-2.292990819028527,2.292990819028527,lower_in_class,8.83915811811069
highly_composite,H_pos_base12,-2.397568692547133,9.11110725389696e-05,1.8803204507735016,0.9998448506940072,-2.3979193270730104,2.3979193270730104,lower_in_class,8.83915811811069
highly_composite,H_pos_base13,-1.92411865846766,7.31192875559914e-05,2.3623491709191162,0.9998458941915987,-1.924325225160431,1.924325225160431,lower_in_class,8.83915811811069
highly_composite,H_pos_base14,-2.331633723095127,8.860544848485911e-05,2.8046890837098113,0.9997706408314945,-2.3319608955202256,2.3319608955202256,lower_in_class,8.83915811811069
highly_composite,H_pos_base15,-2.6528756828552584,0.00010081310684596424,2.3102827978133713,0.9997870046685193,-2.6533286759762453,2.6533286759762453,lower_in_class,8.83915811811069
highly_composite,H_pos_base16,-1.8778720791857002,7.136185075919838e-05,2.610471181841023,0.9998264045930162,-1.8780674057376932,1.8780674057376932,lower_in_class,8.83915811811069
highly_composite,H_dynamical_collatz,-2.7419069474214997,0.00010419642346576856,5.559465021445448,0.9993045910935034,-2.7424001774277755,2.7424001774277755,lower_in_class,8.83915811811069
perfect,H_algebraic,-0.964886211833645,3.859560285281666e-06,0.3318376361738951,1.0000004728096754,-0.9648909031495218,0.9648909031495218,lower_in_class,12.444735242816556
perfect,H_geometric,0.6103084329491284,-2.4412434968039124e-06,1.339880459409099,0.9999990621196561,0.6103107185360921,0.6103107185360921,higher_in_class,12.444735242816556
perfect,H_arithmetic,0.6505909931123527,-2.6023743820128278e-06,0.13967170695548944,1.0000016242038565,0.6505934956468988,0.6505934956468988,higher_in_class,12.444735242816556
perfect,H_pos_base2,0.12694862290015868,-5.077965205934704e-07,0.6533842822200746,1.0000018274089024,0.12694900783930996,0.12694900783930996,higher_in_class,12.444735242816556
perfect,H_pos_base3,-1.8382596376517655,7.3530679638087385e-06,1.8620113594860994,0.9999905408544878,-1.8382775763531387,1.8382775763531387,lower_in_class,12.444735242816556
perfect,H_pos_base4,-1.6946018751759144,6.778434615435536e-06,1.2657841407629413,0.9999943532675829,-1.6946166918464338,1.6946166918464338,lower_in_class,12.444735242816556
perfect,H_pos_base5,-2.9435618409475044,1.1774294460474878e-05,2.881866007528398,0.9999727125817954,-2.943621682664572,2.943621682664572,lower_in_class,12.444735242816556
perfect,H_pos_base6,-3.0963076505460907,1.2385280142507435e-05,2.818046666429584,0.9999714130491082,-3.0963763109804656,3.0963763109804656,lower_in_class,12.444735242816556
perfect,H_pos_base7,-2.3182702972196223,9.27311828182929e-06,3.3564664427768136,0.9999748519602402,-2.3183021711513043,2.3183021711513043,lower_in_class,12.444735242816556
perfect,H_pos_base8,-3.3916563727567106,1.3566679759031632e-05,2.30482220619447,0.9999715243861617,-3.3917445817090464,3.3917445817090464,lower_in_class,12.444735242816556
perfect,H_pos_base9,-4.042787496962995,1.617121467350287e-05,1.805388683064604,0.9999649216746769,-4.042931784472038,4.042931784472038,lower_in_class,12.444735242816556
perfect,H_pos_base10,-3.4168469700213286,1.3667442550227882e-05,2.2985835517060376,0.9999712244327592,-3.416937006259829,3.416937006259829,lower_in_class,12.444735242816556
perfect,H_pos_base11,-4.052971249117603,1.6211949844682252e-05,1.9865988953462197,0.9999637260146703,-4.053116568452268,4.053116568452268,lower_in_class,12.444735242816556
perfect,H_pos_base12,-3.570101985947721,1.4280465067049194e-05,2.3185408882881124,0.9999689445563833,-3.5702037067967987,3.5702037067967987,lower_in_class,12.444735242816556
perfect,H_pos_base13,-4.893730768145771,1.9575001373936627e-05,2.3489443988708745,0.9999463245881701,-4.893979863886516,4.893979863886516,lower_in_class,12.444735242816556
perfect,H_pos_base14,-3.1526627614152813,1.2610701488698109e-05,2.784056802775447,0.9999709943313987,-3.152734892158842,3.152734892158842,lower_in_class,12.444735242816556
perfect,H_pos_base15,-3.1258949273093086,1.2503629723150043e-05,2.8721469756740845,0.9999705830615013,-3.125965394856848,3.125965394856848,lower_in_class,12.444735242816556
perfect,H_pos_base16,-3.2125723344456443,1.2850340738954632e-05,3.0395656999621936,0.9999679995639464,-3.21264828620002,3.21264828620002,lower_in_class,12.444735242816556
perfect,H_dynamical_collatz,-0.7590565777781495,3.0362384557210564e-06,1.2202004710882848,0.999999114323009,-0.7590597296507794,0.7590597296507794,lower_in_class,12.444735242816556
abundant,H_algebraic,0.7138925317937251,-0.23485859856453606,0.6197322923760613,0.9898538530888009,1.0399261047371184,1.0399261047371184,higher_in_class,2.4144660367617186
abundant,H_geometric,1.0169878436589028,-0.33457184251356314,0.7343615766982019,0.836286231121505,1.6639754125933177,1.6639754125933177,higher_in_class,2.4144660367617186
abundant,H_arithmetic,1.3102182950247017,-0.431039713792705,0.5613336996014556,0.6890368014812729,2.6393461735530512,2.6393461735530512,higher_in_class,2.4144660367617186
abundant,H_pos_base2,0.04770859268367723,-0.01569532208022894,0.9214376803003642,1.024045036224471,0.06342760315656745,0.06342760315656745,higher_in_class,2.4144660367617186
abundant,H_pos_base3,0.033839207452018634,-0.01113252833552706,0.9789980410166014,1.0065661641604076,0.044980163986141665,0.044980163986141665,higher_in_class,2.4144660367617186
abundant,H_pos_base4,0.024269419592164592,-0.007984229585744497,0.9816536774743981,1.0058357888865355,0.03225674231235676,0.03225674231235676,higher_in_class,2.4144660367617186
abundant,H_pos_base5,0.007335543292346864,-0.0024132699819982384,1.0012104199171563,0.9995910344331966,0.0097488898164836,0.0097488898164836,higher_in_class,2.4144660367617186
abundant,H_pos_base6,0.04483623302211331,-0.014750364212424434,0.976294096976381,1.00724202488753,0.05960625122783104,0.05960625122783104,higher_in_class,2.4144660367617186
abundant,H_pos_base7,0.0013148830949204437,-0.0004325743542558414,1.00259311629543,0.999146391429084,0.0017474561986812126,0.0017474561986812126,higher_in_class,2.4144660367617186
abundant,H_pos_base8,0.025243550986164667,-0.008304702379370038,0.9918306699625067,1.002535397218681,0.03355173689765126,0.03355173689765126,higher_in_class,2.4144660367617186
abundant,H_pos_base9,0.020462788732977633,-0.006731912256419555,0.9982537729737098,1.000483651822081,0.02719654707166721,0.02719654707166721,higher_in_class,2.4144660367617186
abundant,H_pos_base10,0.009686240615245765,-0.003186609741580058,0.9961932127896337,1.0012300437059056,0.012873036156798637,0.012873036156798637,higher_in_class,2.4144660367617186
abundant,H_pos_base11,0.001749520299248265,-0.0005755626615239216,1.005099734324587,0.9983172440613873,0.002325081806318872,0.002325081806318872,higher_in_class,2.4144660367617186
abundant,H_pos_base12,0.05628030683862212,-0.018515271420038767,0.9797893454915468,1.0058734059483165,0.07483450409206993,0.07483450409206993,higher_in_class,2.4144660367617186
abundant,H_pos_base13,0.0010597135162993237,-0.00034862786796681535,1.0045609941667166,0.9984960446331356,0.0014083402360766713,0.0014083402360766713,higher_in_class,2.4144660367617186
abundant,H_pos_base14,0.031443437394002696,-0.01034436040653354,0.9960190899011093,1.0010916407492703,0.04179455366077321,0.04179455366077321,higher_in_class,2.4144660367617186
abundant,H_pos_base15,0.011713606338490081,-0.0038535788599479404,1.0016976571373752,0.9994121883835939,0.015567520988755008,0.015567520988755008,higher_in_class,2.4144660367617186
abundant,H_pos_base16,0.004304729165822524,-0.0014161832685724675,0.9981085363811381,1.000618756062759,0.005720924151699524,0.005720924151699524,higher_in_class,2.4144660367617186
abundant,H_dynamical_collatz,-0.1689914568124434,0.055595338161931226,1.1809182206223132,0.9261268005762708,-0.22564907387094643,0.22564907387094643,lower_in_class,2.4144660367617186
deficient,H_algebraic,-0.23485182671414057,0.7138527853405563,0.9898523122216444,0.6197956566199394,-1.0398662652151147,1.0398662652151147,lower_in_class,2.414413362628091
deficient,H_geometric,-0.334571949640405,1.0169608705591704,0.836271021023523,0.7344409441598028,-1.66393109372001,1.66393109372001,lower_in_class,2.414413362628091
deficient,H_arithmetic,-0.43104408721376,1.310196418598237,0.6890334867444469,0.5613622510787459,-2.639308426005509,2.639308426005509,lower_in_class,2.414413362628091
deficient,H_pos_base2,-0.015672553991592085,0.04763810644708413,1.0238441870309685,0.9221228326031908,-0.06333424455801608,0.06333424455801608,lower_in_class,2.414413362628091
deficient,H_pos_base3,-0.011108249371237413,0.033764501068020716,1.0064745193548175,0.979288364137914,-0.04488112301376171,0.04488112301376171,lower_in_class,2.414413362628091
deficient,H_pos_base4,-0.00796421135744947,0.024207920969153172,1.0057827465282654,0.9818213596633067,-0.032175201945156016,0.032175201945156016,lower_in_class,2.414413362628091
deficient,H_pos_base5,-0.002387994907136003,0.0072585205731124725,0.9995198107833398,1.0014272421184776,-0.009646589437753822,0.009646589437753822,lower_in_class,2.414413362628091
deficient,H_pos_base6,-0.014724882441908,0.04475757541269591,1.0071736594314165,0.9765138504415118,-0.05950200900434405,0.05950200900434405,lower_in_class,2.414413362628091
deficient,H_pos_base7,-0.000411522790963763,0.0012508597215155656,0.9990842416241985,1.0027813929801688,-0.0016623812779574755,0.0016623812779574755,lower_in_class,2.414413362628091
deficient,H_pos_base8,-0.008277929455748805,0.025161494724215076,1.002468836980917,0.99203811826186,-0.03344287374768606,0.03344287374768606,lower_in_class,2.414413362628091
deficient,H_pos_base9,-0.006701705800069332,0.020370424274946203,1.0004084042634545,0.998485518734839,-0.027073951087694746,0.027073951087694746,lower_in_class,2.414413362628091
deficient,H_pos_base10,-0.0031596413961730843,0.009604007952134244,1.0011626712735,0.9964001631932307,-0.012763830246746218,0.012763830246746218,lower_in_class,2.414413362628091
deficient,H_pos_base11,-0.0005450250135337648,0.0016566514701430368,0.9982384604783772,1.0053376236504543,-0.0022016752759638977,0.0022016752759638977,lower_in_class,2.414413362628091
deficient,H_pos_base12,-0.018487349357776635,0.05619392455770744,1.005802180518572,0.9800186364268497,-0.07472002176512992,0.07472002176512992,lower_in_class,2.414413362628091
deficient,H_pos_base13,-0.000313552083904627,0.0009530691397106071,0.9983936516018732,1.0048703049476844,-0.0012666201462497562,0.0012666201462497562,lower_in_class,2.414413362628091
deficient,H_pos_base14,-0.010318589857835198,0.03136426151697954,1.0010224229869578,0.9962339276413381,-0.041689556336605885,0.041689556336605885,lower_in_class,2.414413362628091
deficient,H_pos_base15,-0.003827788328227368,0.01163489932366831,0.9993413086758408,1.0019137508580511,-0.01546301652295903,0.01546301652295903,lower_in_class,2.414413362628091
deficient,H_pos_base16,-0.0013895065152030779,0.004223527276769903,1.0005415825671808,0.9983441771928045,-0.005613044649369856,0.005613044649369856,lower_in_class,2.414413362628091
deficient,H_dynamical_collatz,0.05562737633034156,-0.16908430345290185,0.9258128450160643,1.1816435875277855,0.22577575494531243,0.22577575494531243,higher_in_class,2.414413362628091
carmichael,H_algebraic,0.7837381369038794,-3.370218908128789e-05,0.39874853412522115,1.0000054543714152,0.7837814066689811,0.7837814066689811,higher_in_class,2.057089419740005
carmichael,H_geometric,-0.02778950212629388,1.1949999763927528e-06,0.2458450916108034,1.0000207148566929,-0.02779066979700185,0.02779066979700185,lower_in_class,2.057089419740005
carmichael,H_arithmetic,-0.37968188124775337,1.632702295557435e-05,0.4552180848698356,1.0000145493033366,-0.37969900546540125,0.37969900546540125,lower_in_class,2.057089419740005
carmichael,H_pos_base2,0.1613965105556067,-6.940348386676609e-06,0.8379011127861055,1.0000066965544505,0.1614033798983246,0.1614033798983246,higher_in_class,2.057089419740005
carmichael,H_pos_base3,-0.2916696326813982,1.2542333526568412e-05,1.211691808244937,0.99998933822734,-0.2916824168519983,0.2916824168519983,lower_in_class,2.057089419740005
carmichael,H_pos_base4,-0.15360385042413596,6.6052495949657565e-06,1.312665210429431,0.9999853070606407,-0.15361037998913196,0.15361037998913196,lower_in_class,2.057089419740005
carmichael,H_pos_base5,-0.2087531209737167,8.976770202489528e-06,1.12310693163343,0.9999945740293616,-0.20876208458444961,0.20876208458444961,lower_in_class,2.057089419740005
carmichael,H_pos_base6,-0.46783360511793587,2.011771008081159e-05,1.3340792628632503,0.9999799179272642,-0.4678554566463933,0.4678554566463933,lower_in_class,2.057089419740005
carmichael,H_pos_base7,-0.15572873044526062,6.6966233644343534e-06,1.143797884540054,0.9999940045442864,-0.15573535253796567,0.15573535253796567,lower_in_class,2.057089419740005
carmichael,H_pos_base8,-0.7026626470298437,3.0215793102661275e-05,1.24829979786703,0.999978659778664,-0.7026996198560366,0.7026996198560366,lower_in_class,2.057089419740005
carmichael,H_pos_base9,-0.7019899297908951,3.0186865016984455e-05,1.1646976488861607,0.9999829167319173,-0.7020268529565835,0.7020268529565835,lower_in_class,2.057089419740005
carmichael,H_pos_base10,-0.490980063272166,2.1113050582256946e-05,1.0687037106872883,0.9999928319354144,-0.4910032302190005,0.4910032302190005,lower_in_class,2.057089419740005
carmichael,H_pos_base11,-0.43174491082575817,1.856582949660939e-05,0.9063277242969313,1.0000007421523587,-0.43176477534400304,0.43176477534400304,lower_in_class,2.057089419740005
carmichael,H_pos_base12,-0.912306774261494,3.923087822241656e-05,1.3186516615259753,0.9999675870642807,-0.9123614199188214,0.9123614199188214,lower_in_class,2.057089419740005
carmichael,H_pos_base13,-0.46632368737100754,2.005278082785721e-05,1.0300037540607334,0.999995045163963,-0.46634545423134605,0.46634545423134605,lower_in_class,2.057089419740005
carmichael,H_pos_base14,-0.5294642057224282,2.27679398676745e-05,0.9809311905854312,0.9999957656541114,-0.5294896356329406,0.5294896356329406,lower_in_class,2.057089419740005
carmichael,H_pos_base15,-0.42021554595934063,1.8070045487591875e-05,1.0660772297811807,0.9999943361438792,-0.4202347912613991,0.4202347912613991,lower_in_class,2.057089419740005
carmichael,H_pos_base16,-0.33955888418601976,1.460165989118642e-05,1.0966946485112004,0.9999942631472598,-0.33957398809815686,0.33957398809815686,lower_in_class,2.057089419740005
carmichael,H_dynamical_collatz,-0.1212448487672179,5.213752688015399e-06,1.5234739113785607,0.9999729419451328,-0.12124997959330967,0.12124997959330967,lower_in_class,2.057089419740005
